{"@attributes":{"version":"2.0"},"channel":{"title":"GrandTotal 4 Update","link":"http:\/\/mediaatelier.com\/GrandTotal4","description":"GrandTotal Software Updates","generator":"Feeder 3 3.1.4(2615); Mac OS X Version 10.10.5 (Build 14F1509) http:\/\/reinventedsoftware.com\/feeder\/","docs":"http:\/\/blogs.law.harvard.edu\/tech\/rss","language":"en","pubDate":"Fri, 08 Jan 2016 10:25:22 +0100","lastBuildDate":"Fri, 08 Jan 2016 10:25:23 +0100","item":[{"title":"GrandTotal 4.1.5","description":{},"pubDate":"Fri, 08 Jan 2016 10:25:16 +0100","enclosure":{"@attributes":{"url":"http:\/\/mediaatelier.com\/GrandTotal4\/GrandTotal_4.1.5.zip","length":"24010260","type":"application\/zip"}},"guid":"5711CE1C-F62E-4FCB-A044-E6A63A6F6806"},{"title":"GrandTotal 4.1.4","description":{},"pubDate":"Thu, 24 Dec 2015 14:19:20 +0100","enclosure":{"@attributes":{"url":"http:\/\/mediaatelier.com\/GrandTotal4\/GrandTotal_4.1.4.zip","length":"24006611","type":"application\/zip"}},"guid":"3C9CA35F-E0C1-4D85-BA11-A9810CA959A9"},{"title":"GrandTotal 4.1.3","description":{},"pubDate":"Sat, 12 Dec 2015 18:37:33 +0100","enclosure":{"@attributes":{"url":"http:\/\/mediaatelier.com\/GrandTotal4\/GrandTotal_4.1.3.zip","length":"24004938","type":"application\/zip"}},"guid":"DC900CB1-0A10-45BB-A3AC-B79EEE766459"},{"title":"GrandTotal 4.1.2","description":{},"pubDate":"Sat, 05 Dec 2015 13:47:18 +0100","enclosure":{"@attributes":{"url":"http:\/\/mediaatelier.com\/GrandTotal4\/GrandTotal_4.1.2.zip","length":"24000851","type":"application\/zip"}},"guid":"11C1D5AD-26EB-4CE3-854D-DCE943C0A12A"},{"title":"GrandTotal 4.1.1","description":{},"pubDate":"Wed, 02 Dec 2015 09:26:30 +0100","enclosure":{"@attributes":{"url":"http:\/\/mediaatelier.com\/GrandTotal4\/GrandTotal_4.1.1.zip","length":"23997782","type":"application\/zip"}},"guid":"EDAB7F5D-96C9-4629-92DC-D1E5E0359BF3"},{"title":"GrandTotal 4.1","description":{},"pubDate":"Sat, 28 Nov 2015 12:36:46 +0100","enclosure":{"@attributes":{"url":"http:\/\/mediaatelier.com\/GrandTotal4\/GrandTotal_4.1.zip","length":"23998278","type":"application\/zip"}},"guid":"861B474B-B605-4C34-8854-0EE045903AAC"},{"title":"GrandTotal 4.0.4","description":{},"pubDate":"Thu, 29 Oct 2015 17:22:41 +0100","enclosure":{"@attributes":{"url":"http:\/\/mediaatelier.com\/GrandTotal4\/GrandTotal_4.0.4.zip","length":"23981009","type":"application\/zip"}},"guid":"FD446EE3-DD7E-4017-BC11-56ADDFB27878"},{"title":"GrandTotal 4.0.3","description":{},"pubDate":"Fri, 16 Oct 2015 15:21:19 +0200","enclosure":{"@attributes":{"url":"http:\/\/mediaatelier.com\/GrandTotal4\/GrandTotal_4.0.3.zip","length":"23978641","type":"application\/zip"}},"guid":"65070C61-6E76-4068-9FAB-7C756C52AFD4"},{"title":"GrandTotal 4.0.2","description":{},"pubDate":"Sat, 10 Oct 2015 14:34:26 +0200","enclosure":{"@attributes":{"url":"http:\/\/mediaatelier.com\/GrandTotal4\/GrandTotal_4.0.2.zip","length":"23993291","type":"application\/zip"}},"guid":"398449D9-0978-4456-9C0F-DA0AA03786DE"},{"title":"GrandTotal 4.0","description":{},"pubDate":"Thu, 01 Oct 2015 12:54:01 +0200","enclosure":{"@attributes":{"url":"http:\/\/mediaatelier.com\/GrandTotal4\/GrandTotal_4.0.zip","length":"23985943","type":"application\/zip"}},"guid":"9158D420-62C1-4735-B502-F9E0B9A334DE"},{"title":"GrandTotal 4.0b28","description":{},"pubDate":"Wed, 30 Sep 2015 18:37:39 +0200","enclosure":{"@attributes":{"url":"http:\/\/mediaatelier.com\/GrandTotal4\/GrandTotal_4.0b28.zip","length":"23977885","type":"application\/zip"}},"guid":"5B265AA0-DE06-4033-9520-1795BAC47D3F"},{"title":"GrandTotal 4.0b27","description":{},"pubDate":"Wed, 30 Sep 2015 16:32:51 +0200","enclosure":{"@attributes":{"url":"http:\/\/mediaatelier.com\/GrandTotal4\/GrandTotal_4.0b27.zip","length":"23977832","type":"application\/zip"}},"guid":"C7152838-DB3D-4608-9572-6587D158B5E0"},{"title":"GrandTotal 4.0b26","description":{},"pubDate":"Tue, 29 Sep 2015 17:42:22 +0200","enclosure":{"@attributes":{"url":"http:\/\/mediaatelier.com\/GrandTotal4\/GrandTotal_4.0b26.zip","length":"23977920","type":"application\/zip"}},"guid":"71DC51D5-0C15-4910-BCAF-6C4576929068"},{"title":"GrandTotal 4.0b25","description":{},"pubDate":"Mon, 28 Sep 2015 12:00:31 +0200","enclosure":{"@attributes":{"url":"http:\/\/mediaatelier.com\/GrandTotal4\/GrandTotal_4.0b25.zip","length":"23972319","type":"application\/zip"}},"guid":"21697AFF-455C-43E1-8EC9-5F48E720C144"},{"title":"GrandTotal 4.0b24","description":{},"pubDate":"Wed, 23 Sep 2015 18:01:02 +0200","enclosure":{"@attributes":{"url":"http:\/\/mediaatelier.com\/GrandTotal4\/GrandTotal_4.0b24.zip","length":"22440054","type":"application\/zip"}},"guid":"19DB0CF2-E9CA-4731-9B3F-84DCC0A03E73"},{"title":"GrandTotal 4.0b23","description":{},"pubDate":"Tue, 22 Sep 2015 08:51:10 +0200","enclosure":{"@attributes":{"url":"http:\/\/mediaatelier.com\/GrandTotal4\/GrandTotal_4.0b23.zip","length":"22438989","type":"application\/zip"}},"guid":"E7D07E61-7205-4BE6-91CC-70AEEDC13154"},{"title":"GrandTotal 4.0b22","description":{},"pubDate":"Fri, 18 Sep 2015 15:07:44 +0200","enclosure":{"@attributes":{"url":"http:\/\/mediaatelier.com\/GrandTotal4\/GrandTotal_4.0b22.zip","length":"22436886","type":"application\/zip"}},"guid":"4183B49F-39B3-495B-8299-A75B6089DC9D"},{"title":"GrandTotal 4.0b21","description":{},"pubDate":"Wed, 16 Sep 2015 17:00:16 +0200","enclosure":{"@attributes":{"url":"http:\/\/mediaatelier.com\/GrandTotal4\/GrandTotal_4.0b21.zip","length":"22435787","type":"application\/zip"}},"guid":"A962B162-C553-4A68-96A3-F796F7ADAA25"},{"title":"GrandTotal 4.0b20","description":{},"pubDate":"Tue, 15 Sep 2015 10:08:53 +0200","enclosure":{"@attributes":{"url":"http:\/\/mediaatelier.com\/GrandTotal4\/GrandTotal_4.0b20.zip","length":"22433853","type":"application\/zip"}},"guid":"BC788D80-4526-44DF-9529-D54406EA0A9A"},{"title":"GrandTotal 4.0b19","description":{},"pubDate":"Sun, 13 Sep 2015 15:54:00 +0200","enclosure":{"@attributes":{"url":"http:\/\/mediaatelier.com\/GrandTotal4\/GrandTotal_4.0b19.zip","length":"22429960","type":"application\/zip"}},"guid":"B9E52EBF-FCB0-486F-AD49-20B1FA007642"},{"title":"GrandTotal 4.0b18","description":{},"pubDate":"Sun, 13 Sep 2015 11:06:59 +0200","enclosure":{"@attributes":{"url":"http:\/\/mediaatelier.com\/GrandTotal4\/GrandTotal_4.0b18.zip","length":"22428493","type":"application\/zip"}},"guid":"3F2D17D0-38C9-40FE-950F-8F2CFE1A2B2C"},{"title":"GrandTotal 4.0b17","description":{},"pubDate":"Fri, 11 Sep 2015 21:04:01 +0200","enclosure":{"@attributes":{"url":"http:\/\/mediaatelier.com\/GrandTotal4\/GrandTotal_4.0b17.zip","length":"22427220","type":"application\/zip"}},"guid":"B6AC9ED9-43B9-4BBF-ACA3-B4E1AA77C76A"},{"title":"GrandTotal 4.0b16","description":{},"pubDate":"Fri, 11 Sep 2015 11:04:03 +0200","enclosure":{"@attributes":{"url":"http:\/\/mediaatelier.com\/GrandTotal4\/GrandTotal_4.0b16.zip","length":"22432832","type":"application\/zip"}},"guid":"5D8FE7B5-6D4A-403E-911E-F18F74BF426D"},{"title":"GrandTotal 4.0b15","description":{},"pubDate":"Thu, 10 Sep 2015 16:45:23 +0200","enclosure":{"@attributes":{"url":"http:\/\/mediaatelier.com\/GrandTotal4\/GrandTotal_4.0b15.zip","length":"22430717","type":"application\/zip"}},"guid":"EC7E832A-E0FB-47D5-8B8E-7854CDC7590A"},{"title":"GrandTotal 4.0b14","description":{},"pubDate":"Mon, 07 Sep 2015 16:20:22 +0200","enclosure":{"@attributes":{"url":"http:\/\/mediaatelier.com\/GrandTotal4\/GrandTotal_4.0b14.zip","length":"22429560","type":"application\/zip"}},"guid":"8D84EECE-BE72-4953-BF85-996982041A50"},{"title":"GrandTotal 4.0b13","description":{},"pubDate":"Sun, 06 Sep 2015 17:17:40 +0200","enclosure":{"@attributes":{"url":"http:\/\/mediaatelier.com\/GrandTotal4\/GrandTotal_4.0b13.zip","length":"22429850","type":"application\/zip"}},"guid":"FC81FD87-9CB4-4C9F-8DB4-D2E166A2FD51"},{"title":"GrandTotal 4.0b12","description":{},"pubDate":"Fri, 04 Sep 2015 13:23:56 +0200","enclosure":{"@attributes":{"url":"http:\/\/mediaatelier.com\/GrandTotal4\/GrandTotal_4.0b12.zip","length":"22426369","type":"application\/zip"}},"guid":"A1CE3E90-3C80-45B1-8344-5D3C94B9CE7C"},{"title":"GrandTotal 4.0b11","description":{},"pubDate":"Thu, 03 Sep 2015 17:54:19 +0200","enclosure":{"@attributes":{"url":"http:\/\/mediaatelier.com\/GrandTotal4\/GrandTotal_4.0b11.zip","length":"22425831","type":"application\/zip"}},"guid":"5C1317A5-E1A4-4528-AF1C-BB3C69372700"},{"title":"GrandTotal 4.0b10","description":{},"pubDate":"Wed, 02 Sep 2015 19:33:05 +0200","enclosure":{"@attributes":{"url":"http:\/\/mediaatelier.com\/GrandTotal4\/GrandTotal_4.0b10.zip","length":"22421176","type":"application\/zip"}},"guid":"018A328D-8381-4681-BF10-3D60A7C7B3CB"},{"title":"GrandTotal 4.0b9","description":{},"pubDate":"Thu, 27 Aug 2015 09:26:18 +0200","enclosure":{"@attributes":{"url":"http:\/\/mediaatelier.com\/GrandTotal4\/GrandTotal_4.0b9.zip","length":"22489486","type":"application\/zip"}},"guid":"081DB03E-E3FF-490D-A2D8-0D758B557F1F"},{"title":"GrandTotal 4.0b8","description":{},"pubDate":"Sun, 16 Aug 2015 13:38:57 +0200","enclosure":{"@attributes":{"url":"http:\/\/mediaatelier.com\/GrandTotal4\/GrandTotal_4.0b8.zip","length":"22464700","type":"application\/zip"}},"guid":"71D3FEF0-0B81-4FEA-9C52-570F2630D5D1"},{"title":"GrandTotal 4.0b7","description":{},"pubDate":"Fri, 14 Aug 2015 10:00:08 +0200","enclosure":{"@attributes":{"url":"http:\/\/mediaatelier.com\/GrandTotal4\/GrandTotal_4.0b7.zip","length":"22463940","type":"application\/zip"}},"guid":"F34E505D-7794-494C-9DB0-6389476A8B6E"},{"title":"GrandTotal 4.0b6","description":{},"pubDate":"Tue, 11 Aug 2015 10:13:52 +0200","enclosure":{"@attributes":{"url":"http:\/\/mediaatelier.com\/GrandTotal4\/GrandTotal_4.0b6.zip","length":"22463036","type":"application\/zip"}},"guid":"900C0D81-1055-4893-9FA5-38473DECD77D"},{"title":"GrandTotal 4.0b5","description":{},"pubDate":"Sat, 08 Aug 2015 11:23:09 +0200","enclosure":{"@attributes":{"url":"http:\/\/mediaatelier.com\/GrandTotal4\/GrandTotal_4.0b5.zip","length":"22453356","type":"application\/zip"}},"guid":"F95E2C51-A909-4E64-85D6-B0ECB2FA3897"},{"title":"GrandTotal 4.0b4","description":{},"pubDate":"Mon, 03 Aug 2015 21:02:20 +0200","enclosure":{"@attributes":{"url":"http:\/\/mediaatelier.com\/GrandTotal4\/GrandTotal_4.0b4.zip","length":"22451101","type":"application\/zip"}},"guid":"3C1C7A42-A73C-400B-9B6A-8AC671063A4B"},{"title":"GrandTotal 4.0b3","description":{},"pubDate":"Sat, 01 Aug 2015 14:54:29 +0200","enclosure":{"@attributes":{"url":"http:\/\/mediaatelier.com\/GrandTotal_4.0b3.zip","length":"22448630","type":"application\/zip"}},"guid":"DDC0FE90-7900-4EDD-B9B8-AD6D0F929D00"},{"title":"GrandTotal 4.0b2","description":{},"pubDate":"Thu, 30 Jul 2015 18:24:10 +0200","enclosure":{"@attributes":{"url":"http:\/\/mediaatelier.com\/Timings\/GrandTotal_4.0b2.zip","length":"22446339","type":"application\/zip"}},"guid":"96557368-CAA8-42BB-998E-2FEA67327F61"},{"title":"GrandTotal 4.0b1","description":{},"pubDate":"Tue, 28 Jul 2015 11:37:48 +0200","enclosure":{"@attributes":{"url":"http:\/\/mediaatelier.com\/GrandTotal_4.0b1.zip","length":"22447119","type":"application\/zip"}},"guid":"3BB54FC5-0ADF-402A-844E-EE4DA08DE013"},{"title":"GrandTotal 4.0a12","description":{},"pubDate":"Thu, 23 Jul 2015 10:18:25 +0200","enclosure":{"@attributes":{"url":"http:\/\/mediaatelier.com\/GrandTotal4\/GrandTotal_4.0a12.zip","length":"22440147","type":"application\/zip"}},"guid":"CB33ED6D-1C23-41DE-86A3-976A2F5E1FE1"},{"title":"GrandTotal 4.0a11","description":{},"pubDate":"Wed, 22 Jul 2015 13:49:25 +0200","enclosure":{"@attributes":{"url":"http:\/\/mediaatelier.com\/GrandTotal4\/GrandTotal_4.0a11.zip","length":"22435621","type":"application\/zip"}},"guid":"547FBF81-1476-4125-BFE9-5C4167064120"},{"title":"GrandTotal 4.0a10","description":{},"pubDate":"Mon, 20 Jul 2015 07:26:30 +0200","enclosure":{"@attributes":{"url":"http:\/\/mediaatelier.com\/GrandTotal4\/GrandTotal_4.0a10.zip","length":"22435092","type":"application\/zip"}},"guid":"10EECB88-2B83-42CB-878F-67863F5E8AE5"},{"title":"GrandTotal 4.0a9","description":{},"pubDate":"Tue, 14 Jul 2015 18:48:08 +0200","enclosure":{"@attributes":{"url":"http:\/\/mediaatelier.com\/GrandTotal4\/GrandTotal_4.0a9.zip","length":"22434026","type":"application\/zip"}},"guid":"5C34CF1E-80C2-4FEA-8722-6A90145217FF"},{"title":"GrandTotal 4.0a8","description":{},"pubDate":"Mon, 13 Jul 2015 07:56:08 +0200","enclosure":{"@attributes":{"url":"http:\/\/mediaatelier.com\/GrandTotal4\/GrandTotal_4.0a8.zip","length":"22433406","type":"application\/zip"}},"guid":"5E1099D7-0190-44DD-A399-756290A84C67"},{"title":"GrandTotal 4.0a7","description":{},"pubDate":"Fri, 10 Jul 2015 09:25:45 +0200","enclosure":{"@attributes":{"url":"http:\/\/mediaatelier.com\/GrandTotal4\/GrandTotal_4.0a7.zip","length":"22432895","type":"application\/zip"}},"guid":"C9DF3D30-0E29-42C6-B810-3C92BDD114BD"},{"title":"GrandTotal 4.0a6","description":{},"pubDate":"Thu, 09 Jul 2015 08:27:50 +0200","enclosure":{"@attributes":{"url":"http:\/\/mediaatelier.com\/GrandTotal4\/GrandTotal_4.0a6.zip","length":"22410571","type":"application\/zip"}},"guid":"2E3990B3-E6BD-46B4-8629-FC9540004C28"},{"title":"GrandTotal 4.0a5","description":{},"pubDate":"Fri, 19 Jun 2015 13:40:57 +0200","enclosure":{"@attributes":{"url":"http:\/\/mediaatelier.com\/GrandTotal4\/GrandTotal_4.0a5.zip","length":"22431922","type":"application\/zip"}},"guid":"FE778BEC-4EC1-41E3-B773-BF5A77DC4523"}]}}